Year,Month,Day,Hour,Min,Sec,Tsu,Vol,Location_Name,Latitude,Longitude,Focal_Depth_km,Mag,MMI_Int,Deaths,Death_Description,Missing,Missing_Description,Injuries,Injuries_Description,Damage_Mil,Damage_Description,Houses_Destroyed,Houses_Destroyed_Description,Houses_Damaged,Houses_Damaged_Description,Total_Deaths,Total_Death_Description,Total_Missing,Total_Missing_Description,Total_Injuries,Total_Injuries_Description,Total_Damage_Mil,Total_Damage_Description,Total_Houses_Destroyed,Total_Houses_Destroyed_Description,Total_Houses_Damaged,Total_Houses_Damaged_Description,Country,Continent,Tectonic_Plate
1937,8,20,11,59,16,1699,,PHILIPPINES:  LUZON,14.5,121.5,60,7.5,8,1,1,,,200,3,,3,,3,,3,1,1,,,200,3,,3,,3,,,Philippines,Asia,EU
2019,4,22,9,11,11,,,PHILIPPINES:  PAMPANGA PROVINCE,14.924,120.497,20,6.1,,18,1,3,1,183,3,50,4,1046,4,3329,4,18,1,3,1,183,3,50,4,1046,4,3329,4,Philippines,Asia,EU
1993,8,1,0,20,40.5,,,SUDAN:  KHARTOUM,15.385,31.69,13,5.5,,2,1,,,9,1,,1,,,,,2,1,,,9,1,,1,,,,,Sudan,Africa,EU
1990,7,16,7,26,34.6,,,"PHILIPPINES:  BAGUIO,  CABANATUAN, DAGUPAN",15.679,121.172,25,7.8,9,2412,4,,,3000,4,369.6,4,,,,,2412,4,,,3000,4,369.6,4,,,,,Philippines,Asia,EU
1999,12,11,18,3,36.4,,,"PHILIPPINES:  S LUZON:  MANILA, SANTA CRUZ",15.766,119.74,33,7.3,7,5,1,,,40,1,1.794,2,,,,,5,1,,,40,1,1.794,2,,,,,Philippines,Asia,EU
1970,4,7,5,34,5.6,2020,,PHILIPPINES:  LUZON,15.78,121.71,40,7.3,6,15,1,,,200,3,,2,,,,,15,1,,,200,3,,2,,,,,Philippines,Asia,EU
1880,7,18,4,40,,1117,,"PHILIPPINES:  S COAST LUZON:  PASIG RIVER,PAMPANGA",16,121.85,100,7.5,9,20,1,,,50,1,,3,,3,,,20,1,,,50,1,,3,,3,,,Philippines,Asia,EU
1985,4,24,1,7,14.5,,,"PHILIPPINES:  LUZON:  BENGUET PROVINCE,  BAGUIO",16.498,120.815,33,6.1,7,6,1,,,11,1,,2,,,,,6,1,,,11,1,,2,,,,,Philippines,Asia,EU
1968,8,1,20,19,21.9,2003,,PHILIPPINES:  LUZON:  MANILA,16.5,122.2,36,7.3,,270,3,,,261,3,8,3,,1,,3,270,3,,,261,3,8,3,,1,,3,Philippines,Asia,EU
1977,3,18,21,43,52.4,,,PHILIPPINES:  LUZON:  MANILA,16.77,122.33,37,7.3,7,1,1,,,9,1,0.1,1,14,1,22,1,1,1,,,9,1,0.1,1,14,1,22,1,Philippines,Asia,EU
2017,3,13,14,20,7,,,MYANMAR (BURMA):  THARRAWADDY,17.399,96,10,5.1,,2,1,,,36,1,,1,,1,,1,2,1,,,36,1,,1,,1,,1,Myanmar,Asia,EU
2008,9,16,21,47,14.5,,,INDIA:  MAHARASHTRA,17.438,73.915,10,5,,1,1,,,20,1,,3,,,,,1,1,,,20,1,,3,,,1500,4,India,Asia,EU
2022,7,27,0,43,24,5855,,PHILIPPINES: LUZON: ABRA,17.56,120.801,10,7,9,11,1,,,609,3,48.48,4,856,3,35924,4,11,1,,,609,3,48.48,4,856,3,35924,4,Philippines,Asia,EU
1993,9,29,22,25,48.6,,,"INDIA:  LATUR-OSMANABAD, KILLARI",18.066,76.451,7,6.2,8,11000,4,,,30000,4,300,4,,4,,4,11000,4,,,30000,4,300,4,,4,,4,India,Asia,EU
1983,8,17,12,17,56,2148,,PHILIPPINES:  LUZON,18.231,120.86,29,6.5,8,16,1,,,47,1,2.227,2,,3,,3,16,1,,,471,3,2.227,2,,3,,,Philippines,Asia,EU
2014,5,5,11,8,42,,,THAILAND:  CHIANG RAI,19.656,99.67,6,6.1,5,1,1,,,32,1,62,4,20,1,,3,1,1,,,32,1,62,4,20,1,,3,Thailand,Asia,EU
2011,3,24,13,55,12,,,MYANMAR:  TACHILEK,20.687,99.822,8,6.8,,104,3,,,123,3,3.6,2,,,10104,4,104,3,,,123,3,3.6,2,,,10104,4,Myanmar,Asia,EU
2019,7,26,23,37,58,,,PHILIPPINES:  BATANES:  ITBAYAT,20.807,121.986,10,6,,9,1,,,64,2,0.925,1,,,266,3,9,1,,,64,2,0.925,1,,,266,3,Philippines,Asia,EU
2016,8,24,10,34,58,,,MYANMAR (BURMA): CHAUK,20.923,94.569,82,6.8,5,4,1,,,20,1,10,3,,,230,3,4,1,,,20,1,10,3,,,230,2,Myanmar,Asia,EU
2007,11,6,9,38,5.7,,,INDIA:  GUJARAT,21.181,70.724,10,5.1,,1,1,,,5,1,,1,,2,,2,1,1,,,5,1,,1,,2,,,India,Asia,EU
1975,7,8,12,4,42.4,,,MYANMAR (BURMA):  PAGAN,21.49,94.7,157,6.5,,1,1,,,1,1,0.5,1,,,,,1,1,,,1,1,0.5,1,,,,,Myanmar,Asia,EU
1999,7,22,10,42,11.7,,,"BANGLADESH:  MAHESHKHALI ISLAND, COX'S BAZAAR",21.544,91.895,10,4.2,,6,1,,,200,3,,3,700,3,,,6,1,,,200,3,,3,700,3,,,Bangladesh,Asia,EU
1970,3,23,1,52,59.3,,,INDIA:  BROACH,21.7,73,3,5.4,,26,1,,,200,3,,2,,,,,26,1,,,200,2,,2,,,,,India,Asia,EU
2006,12,26,12,26,21.1,3622,,TAIWAN:  PINGTUNG,21.799,120.547,10,7,,2,1,,,40,1,,1,,2,,,2,1,,,40,1,,1,,2,,,Taiwan,Asia,EU
1995,7,11,21,46,39.7,,,"CHINA: YUNNAN PROVINCE: LANCANG, MENGLIAN; THAILAND",21.966,99.196,13,6.8,,11,1,,,136,3,36.1,4,100000,4,100000,4,11,1,,,136,3,36.1,4,100000,4,,,China,Asia,EU
1959,8,15,8,57,3,,,TAIWAN,22.18,121.13,60,7,,16,1,,,63,2,,3,,3,,,16,1,,,63,2,,3,,3,,,Taiwan,Asia,EU
1997,11,21,11,23,6.3,,,"INDIA-BANGLADESH:  CHITTAGONG, BANGLADESH",22.212,92.702,54,6.1,,23,1,,,200,3,,1,1,1,,1,23,1,,,200,3,,1,1,1,,1,India,Asia,EU
1994,9,16,6,20,18.7,5804,,TAIWAN REGION,22.528,118.711,13,6.7,,1,1,,,400,3,,2,,,,2,1,1,,,400,3,,2,,,,2,Taiwan,Asia,EU
1988,11,6,13,3,19.3,,,CHINA:  YUNNAN PROVINCE,22.789,99.611,18,7.3,10,738,3,,,3900,4,269,4,412000,4,,,738,3,,,3900,4,269,4,412000,4,,,China,Asia,EU
2003,7,26,23,18,17.9,,,BANGLADESH:  RANGAMATI,22.854,92.306,10,5.7,,2,1,,,25,1,,2,500,3,,,2,1,,,25,1,,2,500,3,,,Bangladesh,Asia,EU
2019,11,25,1,18,21,,,CHINA:  GUANGXI PROVINCE,22.96,106.711,10,5,,1,1,,,4,1,,1,,,,1,1,1,,,4,1,,1,,,,1,China,Asia,EU
2016,2,5,19,57,6,,,TAIWAN:  TAINAN,22.97,120.46,10,6.4,7,117,3,,,525,3,700,4,,1,,1,117,3,,,525,3,700,4,,1,,1,Taiwan,Asia,EU
2012,11,11,1,12,38.8,,,MYANMAR (BURMA):  SHWEBO,23.005,95.885,14,6.8,,26,1,,,230,3,,2,251,3,,,26,1,,,230,3,,2,251,3,,,Myanmar,Asia,EU
2007,6,2,21,34,57.7,,,CHINA:  YUNNAN PROVINCE:  NING'ER,23.028,101.052,5,6.1,,3,1,,,329,3,310,4,,,,,3,1,,,329,3,310,4,,,,,China,Asia,EU
1997,5,21,22,51,28.7,,,INDIA:  SOUTHERN:  JABALPUR,23.083,80.041,36,5.8,8,56,2,,,1000,4,143,4,8546,4,8546,4,56,2,,,1000,4,143,4,8546,4,52690,4,India,Asia,EU
2016,4,13,13,55,8,,,INDIA: ASSAM; BANGLADESH,23.094,94.865,136,6.9,5,2,1,,,170,3,,2,,,4,1,2,1,,,170,3,,2,,,4,1,India,Asia,EU
2022,9,18,6,44,14,,,TAIWAN:  HUALIEN,23.159,121.316,10,6.9,9,1,1,,,140,3,,2,,,,2,1,1,,,140,3,,2,,,,2,Taiwan,Asia,EU
1964,1,18,12,4,41,,,TAIWAN:  TAINAN,23.2,120.6,33,7,,107,3,,,479,3,,3,3000,4,,,107,3,,,479,3,,3,3000,4,,,Taiwan,Asia,EU
1978,12,23,11,23,12,,,TAIWAN:  PINTUNG,23.247,122.075,33,7,,2,1,,,3,1,,,,,,,2,1,,,3,1,,,,,,,Taiwan,Asia,EU
2014,12,6,10,20,52,,,CHINA:  YUNNAN PROVINCE:  YONGPING,23.358,100.533,10,5.6,,1,1,,,15,1,,2,434,3,17000,4,1,1,,,15,1,,2,434,3,17000,4,China,Asia,EU
2014,10,7,13,50,12,,,CHINA:   YUNNAN PROVINCE:  YONGPING,23.383,100.47,9,6.1,,1,1,,,323,3,,1,,1,,,1,1,,,323,3,,1,,1,,,China,Asia,EU
2001,1,26,3,16,42.8,,,"INDIA:  GUJARAT:  BHUJ, AHMADABAD, RAJOKOT; PAKISTAN",23.388,70.326,17,7.6,10,20005,4,,,166836,4,2623,4,339000,4,339000,4,20005,4,,,166836,4,2623,4,339000,4,,,India,Asia,EU
1998,7,17,4,51,14.7,,,"TAIWAN:  CHIA-I, TAINAN, HUALIEN, KAO-HSIUNG",23.407,120.736,13,5.7,5,5,1,,,27,1,,1,,,,,5,1,,,27,1,,1,,,,,Taiwan,Asia,EU
2008,2,6,6,9,40.4,,,INDIA:  WEST BENGAL,23.433,87.111,10,4.3,,1,1,,,50,1,,2,,,,,1,1,,,50,1,,2,,,,3,India,Asia,EU
1999,10,22,2,18,58.5,,,TAIWAN:  CHIA-I,23.445,120.506,33,5.9,6,1,1,,,254,3,0.786,1,15,1,,,1,1,,,254,3,0.786,1,15,1,,,Taiwan,Asia,EU
1989,5,7,0,38,18.5,,,"CHINA:  YUNNAN PROVINCE:  GENGMA, LANCANG, MENGLIAN",23.553,99.526,33,5.6,,1,1,,,91,2,54,4,5300,4,,,1,1,,,91,2,54,4,5300,4,,,China,Asia,EU
1972,4,24,9,57,21.7,,,TAIWAN:  HUALIEN,23.6,121.6,33,6.9,5,4,1,,,11,1,,2,,,,,4,1,,,11,1,,2,,,,,Taiwan,Asia,EU
2005,10,27,11,18,57.3,,,CHINA:  GUANGXI PROVINCE,23.604,107.798,10,4.2,,1,1,,,1,1,,1,,1,,,1,1,,,1,1,,1,,1,,,China,Asia,EU
1962,3,18,20,18,53,,,CHINA:  GUANGDONG PROVINCE,23.72,114.67,25,6.1,8,1,1,,,2,1,,3,1200,4,,,1,1,,,2,1,,3,1200,4,,,China,Asia,EU
2013,6,2,5,43,3.4,,,TAIWAN:  JENAI,23.789,121.141,17,6.3,,4,1,,,21,1,,1,,,,,4,1,,,21,1,,1,,,,,Taiwan,Asia,EU
1951,10,22,5,43,1,3310,,TAIWAN,23.8,121.7,21,7.3,,68,2,,,586,3,,3,2382,4,,,68,2,,,586,3,,3,2382,4,,,Taiwan,Asia,EU
2013,3,27,2,3,19.8,,,"TAIWAN:  NANTOU COUNTY, TAIPEI",23.828,121.215,19,6,,1,1,,,86,2,1.128,2,,,,3,1,1,,,86,2,1.128,2,,,,3,Taiwan,Asia,EU
1999,9,20,17,47,18.4,,,"TAIWAN:  NANTOU, TAICHUNG, TAIZHONG",23.834,120.813,25,7.6,10,2297,4,,,8700,4,14000,4,8200,,82000,4,2297,4,,,8700,4,14000,4,,,82000,4,Taiwan,Asia,EU
2000,6,10,18,23,29.3,,,TAIWAN:  NAN-TOU,23.843,121.225,33,6.4,,2,1,,,36,1,,1,,,,,2,1,,,36,1,,1,,,,,Taiwan,Asia,EU
1986,11,14,21,20,10.5,3507,,"TAIWAN:  TAIPEI, HUALIEN",23.901,121.574,34,7.8,8,15,1,,,44,1,,1,,,,,15,1,,,50,1,,1,,,,,Taiwan,Asia,EU
1988,7,20,23,15,36.6,,,"TAIWAN:  HUALIEN, SU-HUA",23.902,121.598,51,5.7,,1,1,,,1,1,,1,,,,,1,1,,,1,1,,1,,,,,Taiwan,Asia,EU
1990,12,13,3,1,48,,,"TAIWAN:  HUALIEN,  TAIPEI",23.916,121.636,12,6.2,4,2,1,,,3,1,,1,,,,,2,1,,,3,1,,1,,,,,Taiwan,Asia,EU
2019,4,18,5,1,6,,,TAIWAN:  HUALIEN,23.989,121.693,20,6.1,,1,1,,,16,1,,1,,,,,1,1,,,16,1,,1,,,,,Taiwan,Asia,EU
2004,5,1,7,56,13.6,,,TAIWAN:  HUALIEN: TAROKO GORGE NATIONAL PARK,24.081,121.611,45,5.2,,2,1,,,1,1,,1,,,,,2,1,,,1,1,,1,,,,,Taiwan,Asia,EU
1966,3,12,16,31,21.8,1980,,TAIWAN,24.1,122.6,48,8,,7,1,,,10,1,,2,,2,,,7,1,,,10,1,,2,,2,,,Taiwan,Asia,EU
1986,5,20,5,25,46.9,,,TAIWAN:  HUALIEN,24.125,121.619,19,6.4,,1,1,,,5,1,,1,,,,,1,1,,,5,1,,1,,,,,Taiwan,Asia,EU
2018,2,6,15,50,32,,,TAIWAN:  HUALIEN,24.134,121.659,17,6.4,,17,1,,,291,3,,2,4,1,,1,17,1,,,291,3,,2,4,1,,1,Taiwan,Asia,EU
1913,12,21,15,37,38,,,CHINA:  YUNNAN PROVINCE,24.15,102.45,10,7,9,942,3,,,112,3,,3,,4,,,942,3,,,112,3,,3,,4,,,China,Asia,EU
2015,4,20,1,42,38,,,TAIWAN:  TAIPEI,24.203,122.316,29,6.4,4,1,1,,,1,1,,1,,,19,1,1,1,,,1,1,,1,,,19,1,Taiwan,Asia,EU
2000,5,17,3,25,48.7,,,TAIWAN:  TAI-CHUNG COUNTY,24.223,121.058,10,5.4,,3,1,,,13,1,,1,,,,,3,1,,,13,1,,1,,,,,Taiwan,Asia,EU
2002,3,31,6,52,50.4,2396,,TAIWAN:  TAIPEI,24.279,122.179,33,7.1,,5,1,,,200,3,,2,100,2,,,5,1,,,200,3,,2,100,2,,,Taiwan,Asia,EU
1963,2,13,8,50,4.5,1940,,"TAIWAN:  TAIPEI, HSINCH",24.5,122.1,47,7.3,,15,1,,,18,1,,2,,2,,,15,1,,,18,1,,2,,2,,,Taiwan,Asia,EU
1994,6,5,1,9,30.1,,,"TAIWAN:  CHI-LUNG, I-LAN, TAIPEI, NAN-AO",24.511,121.905,11,6.4,,1,1,,,2,1,,2,,2,,,1,1,,,2,1,,2,,2,,,Taiwan,Asia,EU
1999,11,24,16,40,21.2,,,CHINA:  YUNNAN PROVINCE:  CHENGJIANG,24.589,102.872,33,4.6,,1,1,,,5,1,,1,90,2,90,2,1,1,,,5,1,,1,90,2,,,China,Asia,EU
1935,7,16,16,18,58,,,TAIWAN:  XIINZHU,24.6,120.8,30,6.5,,2746,4,,,6004,4,,4,30000,4,,,2746,4,,,6004,4,,4,30000,4,,,Taiwan,Asia,EU
1984,12,30,23,33,37.7,,,"INDIA:  ASSAM, CACHAR DISTRICT",24.641,92.891,23,5.6,,20,1,,,100,2,,3,,,,,20,1,,,100,2,,3,,,,,India,Asia,EU
1988,2,6,14,50,45.2,,,BANGLADESH:  SYLHET; INDIA:  TIPURA-ASSAM,24.688,91.57,33,5.8,,2,1,,,100,2,,2,,,,,2,1,,,100,2,,2,,,,,Bangladesh,Asia,EU
2011,3,10,4,58,16,,,CHINA:  YUNNAN PROVINCE:  PINGYUAN,24.719,97.969,26,5.5,,25,1,,,250,3,,3,1039,4,12528,,25,1,,,250,3,,3,1039,4,12528,4,China,Asia,EU
2016,1,3,23,5,27,,,INDIA:  IMPAHL,24.804,93.651,55,6.7,7,13,1,,,100,2,75,4,,,,2,13,1,,,100,2,75,4,,,,2,India,Asia,EU
2008,8,21,12,24,29.5,,,CHINA:  YUNNAN PROVINCE,25.044,97.684,1,6,,5,1,,,127,3,,3,,,,,5,1,,,127,3,,3,,,,,China,Asia,EU
1988,8,6,0,36,24.6,2372,,"MYANMAR (BURMA);  INDIA:  GAUHATI, SIBSAGAR, IMPHAL",25.149,95.127,91,7.2,6,3,1,,,42,1,,2,,,,,5,1,30,1,42,1,,2,,,,,Myanmar,Asia,EU
2010,1,17,9,37,26.1,,,CHINA:  GUIZHOU PROVINCE,25.558,105.804,27,4.4,,7,1,1,,9,1,,,,,,,7,1,1,1,9,1,,,,,,,China,Asia,EU
2000,1,14,23,37,7.8,,,CHINA:  YUNNAN PROVINCE:  YAOAN COUNTY,25.607,101.063,33,5.9,,5,1,,,2528,4,73.5,4,41000,4,,,7,1,,,2528,4,73.5,4,41000,4,,,China,Asia,EU
2021,5,21,13,48,37,,,"CHINA: YUNNAN PROVINCE: YANGBI, YONGPING",25.761,100.011,9,6.1,8,3,1,,,28,1,49,4,,,,,3,3,,,28,1,49,4,,,,,China,Asia,EU
2000,8,21,13,25,44.5,,,CHINA:  YUNNAN PROVINCE:  WUDING,25.826,102.194,33,4.2,,1,1,,,406,3,43,4,,,,,1,1,,,406,3,43,4,,,,,China,Asia,EU
1985,4,18,5,52,52.8,,,CHINA:  YUNNAN PROVINCE,25.926,102.871,5,5.8,8,23,1,,,300,3,1,2,,,,,23,1,,,300,3,1,2,,,,,China,Asia,EU
2003,10,16,12,28,9,,,CHINA:  YUNNAN PROVINCE:  DAYAO,25.954,101.254,33,5.6,,3,1,,,32,1,,3,12000,4,12000,4,3,1,,,32,1,,3,12000,4,,,China,Asia,EU
2003,7,21,15,16,31.9,,,CHINA:  YUNNAN PROVINCE,25.975,101.29,10,5.9,,16,1,,,584,3,75,4,264878,4,264878,4,16,1,,,584,3,75,4,264878,4,,,China,Asia,EU
1995,10,23,22,46,50.8,,,CHINA:  YUNNAN PROVINCE:  WUDING,26.003,102.227,10,6.2,,81,2,,,800,3,80,4,200,3,200,3,81,2,,,800,3,80,4,200,3,,,China,Asia,EU
2008,8,30,8,30,54,,,CHINA:  SICHUAN PROVINCE,26.272,101.937,17,5.9,,43,1,,,589,3,,4,392000,4,392000,4,43,1,,,589,3,,4,392000,4,,,China,Asia,EU
2001,10,27,5,35,39.7,,,CHINA:  YUNNAN PROVINCE:  YONGSHENG,26.316,100.648,10,5.6,,1,1,,,220,3,,2,3400,4,3400,4,1,1,,,220,3,,2,3400,4,,,China,Asia,EU
2014,5,8,22,52,23,,,PAKISTAN:  NAWABSHAH,26.387,68.358,15,4.5,,2,1,,,70,2,,1,,2,,,2,1,,,70,2,,1,,2,,,Pakistan,Asia,EU
2021,4,28,2,21,26,,,INDIA:  ASSAM,26.782,92.436,34,6,9,2,1,,,12,1,,2,,,428,3,2,1,,,12,1,,2,,,428,3,India,Asia,EU
2013,9,24,11,30,37,5506,,"PAKISTAN:  AWARAN, KECH",26.951,65.501,15,7.7,4,825,3,,,619,3,,4,32638,4,14118,4,825,3,,,619,3,,4,32638,4,14118,4,Pakistan,Asia,EU
2013,9,28,7,34,45,,,PAKISTAN: AWARAN,27.183,65.505,12,6.8,,22,1,,,50,1,,,,2,,2,22,1,,,50,1,,,,2,,2,Pakistan,Asia,EU
2014,8,3,8,30,57,,,"CHINA:  YUNNAN:  LUDIAN:   LONGTOUSHAN, ZHAOTONG",27.189,103.409,12,6.2,,615,3,114,3,3143,4,,3,25800,4,160400,4,615,3,114,3,3143,4,,3,25800,4,160400,4,China,Asia,EU
2004,8,10,10,26,14.7,,,CHINA:  YUNNAN PROVINCE:  LUDIAN,27.266,103.873,6,5.4,,4,1,,,600,3,50,4,18556,4,65601,4,4,1,,,600,3,50,4,18556,,65601,4,China,Asia,EU
1996,2,3,11,14,20.1,,,CHINA:  YUNNAN PROVINCE:  LIJIANG,27.291,100.276,11,6.6,9,322,3,,,17057,4,506,4,959000,4,959000,4,322,3,,,17057,4,506,4,959000,4,,,China,Asia,EU
2020,5,18,13,48,3,,,CHINA:   YUNNAN PROVINCE:  QIAOJIA,27.296,103.281,10,5.2,,4,1,,,24,1,,2,,1,,,4,1,,,24,1,17,3,,1,,,China,Asia,EU
1998,11,19,11,38,14.8,,,"CHINA:  SICHUAN PROVINCE: HUAPING, LIJIANG, NINGLAG",27.308,101.029,33,5.6,,5,1,,,1543,4,70,4,12000,4,12000,4,5,1,,,1543,4,70,4,12000,4,,,China,Asia,EU
2003,11,14,18,49,46.5,,,"CHINA:  YUNNAN PROVINCE:  LUDIAN, ZHAOTONG",27.372,103.971,33,5.6,,4,1,,,65,1,,2,600,3,600,3,4,1,,,65,1,,2,600,3,,,China,Asia,EU
2006,2,14,0,55,25,,,INDIA:  SIKKIM,27.382,88.388,30,5.3,,2,1,,,2,1,,1,,,,,2,1,,,2,1,,1,,,,,India,Asia,EU
2012,9,7,3,19,42.5,,,CHINA: YUNNAN PROVINCE:  ZHAOTONG:  YILIANG,27.575,103.983,10,5.6,,81,2,,,821,3,1000,4,37000,4,133000,4,81,2,,,821,3,1000,4,37000,4,133000,4,China,Asia,EU
2001,5,23,21,10,43.9,,,CHINA:  YUNNAN:  NINGLANG; SICHUAN:  YANYUAN,27.689,101.003,33,5.5,,2,1,,,605,3,36,4,,,,,2,1,,,605,3,36,4,,,,,China,Asia,EU
1969,3,31,7,15,54.4,3646,,"EGYPT:  BENI-SOUEF, AL-QAHIRAH (CAIRO)",27.7,34,33,7,,2,1,,,16,1,,3,107,3,,,2,1,,,16,1,,3,107,3,,,Egypt,Africa,EU
2011,9,18,12,40,51.8,,,INDIA:  SIKKIM,27.73,88.155,50,6.9,,111,3,,,177,3,22.3,3,6000,4,6000,4,111,3,,,177,3,22.3,3,,4,6000,4,India,Asia,EU
2012,6,24,7,59,34.8,,,CHINA:  YUNNAN AND SICHUAN PROVINCES,27.767,100.781,10,5.5,,4,1,,,394,3,,4,6768,4,,,4,1,,,394,3,,4,6768,4,,,China,Asia,EU
2016,11,27,23,35,2,,,"NEPAL:   MOUNT AMA DABLAM, CHARIKHARKA",27.802,86.532,10,5.4,4,1,1,,,1,1,,1,2,1,,,1,1,,,1,1,,1,2,1,,,Nepal,Asia,EU
2015,5,12,7,6,13,,,NEPAL:   DOLAKHA,27.809,86.066,15,7.3,7,117,3,,,2800,4,,2,,2,,,117,3,,,2800,4,,2,,2,,,Nepal,Asia,EU
2006,7,22,1,10,29,,,CHINA:  YANJIN,27.995,104.138,56,4.9,,22,1,,,106,3,,,,,,,22,1,,,106,3,,,,,,,China,Asia,EU
2006,8,25,5,51,44.3,,,CHINA:  SICHUAN PROVINCE,28.012,104.151,22,4.6,,1,1,,,31,1,,2,,,,,1,1,,,31,1,,2,,,,,China,Asia,EU
2015,4,25,6,12,35,,,NEPAL:   KATHMANDU; INDIA; CHINA; BANGLADESH,28.231,84.731,8,7.8,8,8957,4,3,1,24000,4,6000,4,498852,4,256697,4,8957,4,3,1,24000,4,6000,4,498852,4,256697,4,Nepal,Asia,EU
2013,8,31,0,5,15,,,CHINA:  YUNNAN PROVINCE:  BENZILAN,28.243,99.35,8,5.8,,5,1,,,24,1,,3,600,3,55500,4,5,1,,,24,1,,3,600,3,55500,4,China,Asia,EU
2019,6,17,14,55,45,,,CHINA:  SICHUAN:  YIBIN,28.405,104.957,10,5.8,,13,1,,,200,3,1300,4,,,12700,4,13,1,,,200,3,1300,4,,,12700,4,China,Asia,EU
1990,3,4,19,46,19.6,,,"PAKISTAN:  KALAT, QUETTA, MASTUNG",28.925,66.331,10,6.1,,11,1,,,40,1,1,2,,,,3,11,1,,,40,1,1,2,,,,3,Pakistan,Asia,EU
1993,3,20,14,51,59.7,,,CHINA:  TIBET (XIZANG PROVINCE): NGAMRING,29.084,87.333,12,6.2,,2,1,,,3,1,,1,,,,,2,1,,,3,1,,1,,,,,China,Asia,EU
1992,8,28,0,50,50.4,,,PAKISTAN:  KALAT,29.087,66.74,9,5.5,,4,1,,,200,3,,2,,3,,,4,1,,,200,3,,2,,3,,,Pakistan,Asia,EU
2021,9,15,20,33,32,,,CHINA: SICHUAN PROVINCE: LUXIAN (LU),29.182,105.391,10,5.4,7,3,1,,,88,2,250,4,809,3,7290,4,3,1,,,88,2,250,4,809,3,7290,4,China,Asia,EU
2019,2,25,5,16,25,,,CHINA:  SICHUAN PROVINCE: RONGXIAN,29.47,104.609,10,4.9,,2,1,,,12,1,2,2,9,1,10911,4,2,1,,,12,1,2,2,9,1,10911,4,China,Asia,EU
1948,5,25,7,11,21,,,CHINA:  SICHUAN PROVINCE,29.5,100.5,18,7.3,10,800,3,,,200,3,,3,600,3,,,800,3,,,200,3,,3,600,3,,,China,Asia,EU
2001,2,23,0,9,23.6,,,"CHINA:  SICHUAN PROVINCE:  KANGDING, YAJIANG",29.513,101.129,33,5.6,,3,1,,,109,3,,3,60000,4,60000,4,3,1,,,109,3,,3,60000,4,,,China,Asia,EU
1966,6,27,10,41,9.5,,,NEPAL-INDIA,29.554,80.854,23,6.3,8,80,2,,,100,2,1,2,5200,4,,,80,2,,,100,2,1,2,5200,4,,,Nepal,Asia,EU
2019,9,7,22,42,14,,,CHINA:  SICHUAN PROVINCE: NEIJIANG,29.573,105.064,10,5.1,,1,1,,,63,2,,2,132,3,5041,4,1,1,,,63,2,,2,132,3,5041,4,China,Asia,EU
2005,11,26,0,49,37.6,,,"CHINA:  JIANGXI:  JIUJIANG, RUICHANG",29.695,115.689,10,5.2,,16,1,,,8000,4,,3,150000,4,,,16,1,,,8000,4,,3,150000,4,,,China,Asia,EU
2022,9,5,4,52,19,,,CHINA:  SICHUAN PROVINCE,29.726,102.279,10,6.6,9,93,2,25,1,400,3,,3,,,,,93,2,25,1,400,3,,3,,,,,China,Asia,EU
1992,10,12,13,9,55.5,,,EGYPT:  CAIRO,29.778,31.144,22,5.3,,545,3,,,6512,4,1200,4,9350,4,9350,4,545,3,,,6512,4,1200,4,9350,4,,,Egypt,Africa,EU
2008,10,6,8,30,45.5,,,CHINA:  TIBET (XIZANG PROVINCE),29.807,90.35,12,6.3,,9,1,,,19,1,,2,,3,,,9,1,,,19,1,,2,,3,,,China,Asia,EU
1981,12,12,20,26,46.9,,,PAKISTAN:  CENTRAL,29.856,66.962,33,4,,6,1,,,12,1,,2,45,1,45,1,6,1,,,12,1,,2,45,1,,,Pakistan,Asia,EU
1989,11,20,3,21,7.8,,,CHINA:  SICHUAN PROVINCE:  JIANGBEI COUNTY,29.882,106.804,33,4.7,,4,1,,,161,3,5,2,5000,4,53000,4,4,1,,,161,3,5,2,5000,4,53000,4,China,Asia,EU
1989,4,15,20,34,8.9,,,CHINA:  SICHUAN PROVINCE:  BATANG,29.987,99.195,13,6.2,,11,1,,,42,1,164,4,,,,,11,1,,,42,1,164,4,,,,,China,Asia,EU
2004,5,8,20,11,44.2,,,PAKISTAN:  QUETTA,30.126,67.121,10,4.5,,1,1,,,30,1,,1,,,,,1,1,,,30,1,,1,,,,1,Pakistan,Asia,EU
2021,10,6,22,1,8,,,PAKISTAN: BALOCHISTAN PROVINCE,30.22,68.014,9,5.9,8,42,1,,,229,3,,2,,3,,2,42,1,,,229,3,,2,,3,,2,Pakistan,Asia,EU
2010,1,30,21,36,58,,,CHINA:  SICHUAN PROVINCE: MOXI,30.268,105.668,10,4.7,,1,1,,,15,1,,2,200,3,200,3,1,1,,,15,1,,2,200,3,,,China,Asia,EU
2013,4,20,0,2,47.5,,,CHINA:  SICHUAN PROVINCE:  LONGMEN,30.308,102.888,14,6.6,,196,3,21,1,11470,4,6800,4,,3,,3,196,3,21,1,11470,4,6800,4,,3,,3,China,Asia,EU
2014,11,22,8,55,58,,,CHINA:  SICHUAN PROVINCE:  GARZE,30.34,101.737,9,5.9,3,5,1,,,65,2,,3,30,1,27400,4,5,1,,,65,2,,3,30,1,27400,4,China,Asia,EU
2022,6,1,9,0,8,,,CHINA: SICHUAN PROVINCE,30.416,102.989,10,5.9,7,4,1,,,14,1,,2,,,,2,4,1,,,14,1,,2,,,,2,China,Asia,EU
1960,2,29,23,40,14,1897,,MOROCCO:  AGADIR,30.45,-9.62,33,5.9,10,13100,4,,,25000,4,120,4,,3,,,13100,4,,,25000,4,120,4,,3,,,Morocco,Africa,EU
2005,12,14,7,9,54.1,,,"INDIA:  JAUSARI, CHAMOLI, NANDPRAYAG",30.476,79.255,44,5.3,,1,1,,,4,1,,2,1,1,1,1,1,1,,,4,1,,2,1,1,,,India,Asia,EU
1999,3,28,19,5,11,,,"INDIA:  CHAMOLI, RUDRAPRAYAG, TEHRI GARHWAL",30.512,79.403,15,6.6,8,100,2,,,394,3,70,4,21100,4,21100,4,100,2,,,394,3,,4,21100,4,,,India,Asia,EU
2008,10,28,23,9,57.6,,,PAKISTAN:  QUETTA,30.639,67.351,15,6.4,6,215,3,,,320,3,,4,3487,4,3487,4,215,3,,,320,3,,4,3487,4,4125,4,Pakistan,Asia,EU
1991,10,19,21,23,14.3,,,"INDIA:  CHAMOLI, UTTARKASHI, NEW DELHI, CHANDIGARH",30.78,78.774,10,7,8,2000,4,,,1800,4,60,4,7500,4,7500,4,2000,4,,,1800,4,60,4,7500,4,,,India,Asia,EU
1981,1,23,21,13,51.7,,,CHINA:  SICHUAN PROVINCE,30.927,101.098,33,6.8,8,150,3,,,489,3,5,2,2992,4,,,150,3,,,489,3,5,2,2992,4,,,China,Asia,EU
2008,5,12,6,28,0.5,3586,,CHINA:  SICHUAN PROVINCE,30.98,103.396,10,7.9,9,87652,4,,,374171,4,86000,4,5360000,4,5360000,4,87652,4,,,374171,4,86000,4,5360000,4,21000000,4,China,Asia,EU
1989,9,22,2,25,50.8,,,CHINA:  SICHUAN PROVINCE:  XIAOJIN COUNTY,31.583,102.433,15,6.1,,1,1,,,151,3,,3,4270,4,,,1,1,,,151,3,,3,4270,4,,,China,Asia,EU
1982,6,15,23,24,28.6,,,CHINA:  SICHUAN PROVINCE:  GARZE,31.907,99.931,10,5.5,7,10,1,,,5,1,,1,,,,,10,1,,,5,1,,1,,,,,China,Asia,EU
1986,4,26,7,35,16.1,,,"INDIA:  KASHMIR:  DHARMSALA,  LAHORE, PAKISTAN",32.128,76.374,33,5.3,,6,1,,,30,1,,3,,,,,6,1,,,60,1,,3,,,,3,India,Asia,EU
1963,2,21,17,14,31,,,LIBYA:  BARCE (AL MARJ),32.6,21,5,5.4,,300,3,,,375,3,5,2,,3,,3,300,3,,,375,3,5,2,,3,,,Libya,Africa,EU
1980,8,23,21,36,51.6,,,INDIA:  KASHMIR,32.913,75.633,25,4.9,,15,1,,,40,1,,2,,3,,3,15,1,,,40,1,,2,,3,,,India,Asia,EU
2013,5,1,6,57,13.4,,,"INDIA:  KASHMIR:  DODA, KISHTWAR, RAMBAN",33.061,75.863,15,5.7,,3,1,,,90,2,19.5,3,1136,4,95532,4,3,1,,,90,2,19.5,3,1136,4,95532,4,India,Asia,EU
2022,6,21,20,54,36,,,AFGHANISTAN: PAKTIKA PROVINCE; PAKISTAN,33.092,69.514,10,5.9,9,1150,4,,,1600,4,,4,3000,4,,4,1150,4,,,1600,4,,4,3000,4,,4,Afghanistan,Asia,EU
2019,9,24,11,1,55,,,PAKISTAN:  MIRPUR DISTRICT,33.106,73.766,10,5.6,,39,1,,,746,3,17,3,1756,4,5709,4,39,1,,,746,3,17,3,1756,4,5709,4,Pakistan,Asia,EU
2006,3,10,7,50,14.3,,,PAKISTAN:  MIRPUR DISTRICT,33.129,73.887,10,4.9,,1,1,,,22,1,,,,,,,1,1,,,22,1,,,,,,,Pakistan,Asia,EU
2010,4,13,23,49,38.3,,,CHINA:  QINGHAI PROVINCE:  YUSHU,33.165,96.548,17,6.9,,2220,4,70,2,12135,4,500,4,15000,4,,,2220,4,70,2,12135,4,500,4,15000,4,,,China,Asia,EU
2017,8,8,13,19,54,,,CHINA:  SICHUAN PROVINCE:  ABA,33.193,103.855,9,6.5,5,29,1,,,525,3,500,4,100,2,72500,4,29,1,,,525,3,500,4,100,2,72500,4,China,Asia,EU
1992,5,20,12,20,32.8,,,"PAKISTAN:  PESHAWAR, KOHAT, SHAKKAR KHEL",33.377,71.317,16,6,,36,1,,,100,2,,2,400,3,,,6,1,,,100,2,,2,400,3,,,Pakistan,Asia,EU
2004,7,18,8,31,45.8,,,AFGHANISTAN: PAKTIA PROVINCE,33.426,69.524,10,5.2,,2,1,,,40,1,,3,,3,,3,2,1,,,40,1,,3,,3,,,Afghanistan,Asia,EU
2015,7,24,20,59,12,,,PAKISTAN:  ABBOTTABAD,33.856,73.193,17,5.1,5,3,1,,,1,1,,1,3,1,,,3,1,,,1,1,,1,3,1,,,Pakistan,Asia,EU
2010,10,10,21,44,25.9,,,"PAKISTAN:  KHANPUR, HARIPUR",33.869,72.887,33,5.2,,1,1,,,15,1,,2,,,100,1,1,1,,,15,1,,1,,,100,2,Pakistan,Asia,EU
2009,4,16,21,27,51.3,,,AFGHANISTAN:  NANGARHAR,34.185,70.076,6,5.4,,19,1,,,51,2,,2,200,3,200,3,19,1,,,51,2,,2,200,3,,,Afghanistan,Asia,EU
1999,2,11,14,8,51.6,,,"AFGHANISTAN:  LOWGAR, VARDAK, KABUL",34.259,69.364,33,6,,70,2,,,500,3,,3,7000,4,7000,4,70,2,,,500,3,,3,7000,4,,,Afghanistan,Asia,EU
2005,10,8,3,50,39.1,,,"PAKISTAN:  MUZAFFARABAD, URI, ANANTNAG, BARAMULA",34.451,73.649,15,7.6,8,76213,4,,,146599,4,6680,4,,3,,3,76213,4,,,146599,4,6680,4,,3,,,Pakistan,Asia,EU
2013,7,21,23,45,56.6,,,"CHINA:   GANSU:  DINGXI, MIN",34.512,104.262,8,6,,94,2,5,1,1001,4,466,4,1968,4,22496,4,94,2,5,1,1001,4,466,4,1968,4,22496,4,China,Asia,EU
2013,4,24,9,25,30,,,AFGHANISTAN:  KAMA,34.526,70.22,64,5.5,,18,1,,,141,3,,2,,,676,3,18,1,,,141,3,,2,,,676,3,Afghanistan,Asia,EU
2021,5,21,18,4,13,,,CHINA: QINGHAI PROVINCE,34.598,98.251,10,7.3,9,20,1,,,300,3,,1,,,,,20,1,,,300,3,,1,,,,,China,Asia,EU
1984,2,1,14,22,7.9,,,"AFGHANISTAN:  KHOROG, JALALABAD; PAKISTAN",34.616,70.484,33,5.8,4,1,1,,,35,1,5,2,,,,,1,1,,,35,1,5,2,,,,,Afghanistan,Asia,EU
2003,11,13,2,35,10.3,,,"CHINA:  GANSU PROVINCE:  JONE, LINTAN, MINXIAN",34.712,103.834,10,5.1,,1,1,,,30,1,,1,10,1,,,1,1,,,30,1,,1,10,1,,,China,Asia,EU
2004,2,14,10,30,22.1,,,"PAKISTAN:  BALAKOT, BATGRAM, MANSEHRA",34.774,73.216,11,5.4,,24,1,,,40,1,,3,1420,4,1420,4,24,1,,,40,1,,3,1420,4,5379,4,Pakistan,Asia,EU
1974,12,28,12,11,43.7,2071,,"PAKISTAN:  BALAKOT, PATAN",35.1,72.9,22,6.2,7,5300,4,,,17000,4,3.255,2,,3,,3,5300,4,,,17000,4,3.255,2,,3,,,Pakistan,Asia,EU
1990,10,25,4,53,59.9,,,"AFGHANISTAN:  HINDU KUSH:  CHITRAL, MARDAN, MALAKAND",35.121,70.486,114,6,4,11,1,,,250,3,,1,,,,,11,1,,,250,3,,1,,,,,Afghanistan,Asia,EU
2004,2,24,2,27,46.2,,,"MOROCCO:  AL HOCEIMA, IMZOURENE, BENI ABDALLAH",35.142,-3.997,0,6.4,9,628,3,,,926,3,400,4,2539,4,,,628,3,,,926,3,400,4,2539,4,,,Morocco,Africa,EU
2001,6,1,14,0,43.6,,,AFGHANISTAN:  HINDU KUSH:  PARVAN,35.169,69.389,62,5,,4,1,,,20,1,,1,,2,,2,4,1,,,20,1,,,,2,,,Afghanistan,Asia,EU
2007,10,26,6,50,6.6,,,PAKISTAN:  GHANCHE,35.304,76.753,10,4.8,,1,1,,,12,1,,,,,,,1,1,,,12,1,,,,,,,Pakistan,Asia,EU
1999,12,22,17,36,56.2,,,ALGERIA:  NORTHERN:  AIN TEMOUCHENT,35.321,-1.281,10,5.6,7,24,1,,,175,3,60.929,4,,3,,3,24,1,,,175,3,60.929,4,3000,4,,,Algeria,Africa,EU
2002,11,20,21,32,30.8,,,"PAKISTAN:  DASHKIN, DOIAN, MUSHKIN",35.414,74.515,33,6.3,,19,1,,,40,1,,3,100,2,100,2,19,1,,,40,1,,3,100,2,1256,4,Pakistan,Asia,EU
1967,7,13,2,10,20,,,ALGERIA:  NEAR SIG,35.5,-0.1,13,5,,10,1,,,15,1,,1,40,1,,,10,1,,,15,1,,1,40,1,,,Algeria,Africa,EU
2002,11,1,22,9,29.2,,,PAKISTAN:  GILGIT,35.517,74.654,33,5.4,,11,1,,,40,1,,3,,3,,3,11,1,,,40,1,,3,,,1000,4,Pakistan,Asia,EU
2010,4,18,20,28,50.2,,,AFGHANISTAN:  SAMANGAN PROVINCE,35.633,67.658,13,5.6,,11,1,,,70,2,,4,2000,4,,,11,1,,,70,2,,4,2000,4,,,Afghanistan,Asia,EU
2016,1,25,4,23,13,5792,,MOROCCO:  MELILLA,35.649,-3.682,12,6.3,6,1,1,,,26,1,,1,,1,,1,1,1,,,26,1,,1,,1,,1,Morocco,Africa,EU
1981,9,12,7,15,54.1,,,PAKISTAN: GILGIT,35.693,73.594,33,5.9,,220,3,,,2500,4,5,2,,,,,220,3,,,2500,4,5,2,,,,,Pakistan,Asia,EU
1965,1,1,21,38,29.2,,,ALGERIA:  M'SILA,35.7,4.4,10,5.5,,4,1,,,350,3,2,2,25000,4,,,4,1,,,350,3,2,2,2500,4,,,Algeria,Africa,EU
2008,6,6,20,2,56.8,,,ALGERIA:  ORAN,35.883,-0.658,4,5.5,,1,1,,,30,1,,2,,2,,2,1,1,,,30,1,,2,,2,,,Algeria,Africa,EU
2010,5,14,12,29,22.3,,,ALGERIA:  NORTHERN:  BENI YELLMAN,35.9,4.12,2,5.2,,2,1,,,43,1,,,,,,,2,1,,,43,1,,,,,,,Algeria,Africa,EU
1987,1,26,11,11,41.8,,,"ALGERIA:  MOHAMMADIA, QUED, FODDA, TISSEMSILT",35.964,1.374,10,4.3,,1,1,,,7,1,1,2,629,3,,,1,1,,,7,1,1,2,629,3,,,Algeria,Africa,EU
1990,4,26,9,37,15,,,CHINA:  QINGHAI PROVINCE:  GANGHE-XINGHAI,35.986,100.245,8,6.9,,126,3,,,2049,4,58.35,4,66800,4,66800,4,126,3,,,2049,4,58.35,4,66800,4,,,China,Asia,EU
1991,1,31,23,3,33.6,,,"AFGHANISTAN:  BADAKHSTAN, BAGHLAN, LAGHMAN, NAGARHAR",35.993,70.423,142,6.4,7,848,3,,,200,3,36,4,,3,2000,4,848,3,,,200,3,36,4,,3,2000,4,Afghanistan,Asia,EU
1960,2,21,8,13,31,,,ALGERIA:  MELOUZA,36,4.1,33,5.6,,47,1,,,88,2,,2,,,,,47,1,,,88,2,,2,,,,,Algeria,Africa,EU
1969,2,28,2,40,32.5,2012,,"PORTUGAL; MOROCCO:  RABAT, SALE; SPAIN:  CANARY IS",36.017,-10.95,22,7.8,7,25,1,,,80,2,,2,,3,,4,25,1,,,80,2,,2,,3,,4,Portugal,Europe,EU
2012,6,11,5,29,11.5,,,AFGHANISTAN:  HINDU KUSH,36.023,69.351,16,5.8,,75,2,,,13,1,,2,143,3,593,3,75,2,,,13,1,,2,143,3,593,3,Afghanistan,Asia,EU
2002,3,25,14,56,33.8,,,"AFGHANISTAN:  HINDU KUSH:  BAGHLAN, NAHRIN",36.062,69.315,8,6.1,,1000,3,,,200,3,,4,1500,4,1500,4,1000,3,,,200,3,,4,1500,4,,,Afghanistan,Asia,EU
1982,12,16,0,40,48.7,,,AFGHANISTAN:  NORTHEASTERN,36.148,69.011,36,6.6,,500,3,,,3000,4,1,2,,,,,500,3,,,3000,4,1,2,,,,,Afghanistan,Asia,EU
1985,7,29,7,54,44,,,"AFGHANISTAN:  HINDU KUSH:  CHITRAL, SWAT",36.19,70.896,99,6.6,8,5,1,,,38,1,2,2,,,,,5,1,,,38,1,2,2,,,,,Afghanistan,Asia,EU
1980,10,10,12,25,26,2916,,ALGERIA:  NORTHERN,36.199,1.374,10,7.1,10,5000,4,,,9000,4,5200,4,25000,4,,,5000,4,,,9000,4,5200,4,250000,4,,,Algeria,Africa,EU
1972,6,24,15,29,22.2,,,"AFGHANISTAN:  HINDU KUSH:  SARSANGI, NARIN COUNTIES",36.2,69.7,47,6.1,6,11,1,,,15,1,,2,,3,,3,,,,,,,,,,,,,Afghanistan,Asia,EU
1954,9,9,1,4,43.4,3394,,ALGERIA:  ORLEANSVILLE,36.274,1.594,15,6.7,11,1243,4,,,5000,4,6,3,20000,4,,,1243,4,,,5000,4,6,3,20000,4,,,Algeria,Africa,EU
1975,7,11,7,18,46.6,,,ALGERIA:  DJEBEL BABOR,36.32,5.241,30,4.3,,1,1,,,18,1,,2,,,,,1,1,,,18,1,,2,,,,,Algeria,Africa,EU
2005,12,12,21,47,46,,,"AFGHANISTAN:  TILI, JALALABAD, BADAKHSHAN",36.357,71.093,225,6.5,,5,1,,,1,1,,1,100,2,100,2,5,1,,,1,1,,1,100,2,,,Afghanistan,Asia,EU
1983,12,30,23,52,39.9,,,"AFGHANISTAN:  HINDU KUSH:  KABUL, SAMANGAN; PAKISTAN",36.372,70.738,215,7.2,7,26,1,,,483,3,3,2,,,,,26,1,,,483,3,3,2,,,,,Afghanistan,Asia,EU
1997,5,13,14,13,45.7,,,"AFGHANISTAN:  HINDU-KUSH, MALAKAND-PESHAWAR",36.411,70.945,196,6.4,,1,1,,,11,1,,2,,,,2,1,1,,,11,1,,2,,,,2,Afghanistan,Asia,EU
1995,7,21,22,44,4.5,,,"CHINA:  GANSU, YONGDENG, BAIYIN, DINGXI, JINGTAI",36.427,103.123,13,5.6,,14,1,,,60,1,,3,4500,4,,,14,1,,,60,1,,3,4500,4,,,China,Asia,EU
1984,2,16,17,18,41.6,,,PAKISTAN-NW AFGHANISTAN:  HINDU KUSH: CHITRAL-LANDI,36.431,70.826,208,6.1,6,4,1,,,13,1,5,2,,,,,4,1,,,13,1,5,2,,,,,Pakistan,Asia,EU
2016,4,10,10,29,12,,,AFGHANISTAN:  KHYBER PAKHTUNKHWA,36.473,71.131,212,6.6,5,6,1,,,5,1,,1,,,20,1,6,1,,,5,1,,1,,,20,1,Afghanistan,Asia,EU
1998,2,20,12,18,6.2,,,"AFGHANISTAN-TAJIKISTAN:  YAR HUSAIN, ASTOR",36.479,71.086,236,6.4,,1,1,,,11,1,,2,35,1,,,1,1,,,11,1,,2,35,1,,,Afghanistan,Asia,EU
2015,12,25,19,14,19,,,AFGHANISTAN; PAKISTAN,36.494,71.126,206,6.3,5,4,1,,,97,2,,1,,1,,1,4,1,,,97,2,,1,,1,,1,Afghanistan,Asia,EU
2004,4,5,21,24,4,,,"AFGHANISTAN:  HINDU KUSH:  KABUL, SAMANGAN; PAKISTAN",36.512,71.029,187,6.5,,3,1,,,5,1,,,,,,,3,1,,,5,1,,,,,,,Afghanistan,Asia,EU
2015,10,26,9,9,56,,,AFGHANISTAN: HINDU KUSH,36.524,70.368,231,7.5,7,399,3,,,1770,4,109,4,29230,4,79893,4,399,3,,,1770,4,109,4,29230,4,79893,4,Afghanistan,Asia,EU
2018,1,31,7,7,29,,,AFGHANISTAN; PAKISTAN:  BALUCHISTAN,36.526,70.851,194,6.2,6,2,1,,,15,1,,,,,,,2,1,,,15,1,,,,,,,Afghanistan,Asia,EU
1976,3,19,13,3,38.4,,,AFGHANISTAN:  HINDU-KUSH:  SHAMAGAN PROVINCE,36.61,67.79,33,5.5,8,49,1,,,59,2,,3,1137,4,559,3,49,1,,,59,2,,3,1137,4,559,3,Afghanistan,Asia,EU
2006,3,20,19,44,25.1,,,ALGERIA:  NORTHERN,36.623,5.328,10,4.9,,4,1,,,9,1,,,62,2,62,2,4,1,,,9,1,,,62,2,,,Algeria,Africa,EU
1927,5,22,22,32,42,,,CHINA:  GANSU PROVINCE,36.75,102,27,7.6,11,40912,4,,,524,3,,4,26674,4,,,40912,4,,,524,3,,4,26674,4,,,China,Asia,EU
1989,10,29,19,9,12.9,2919,,"ALGERIA:  ALGIERS, CHERCHELL, TIPAZA",36.788,2.448,6,5.7,8,30,1,,,245,3,5,2,,,,,30,1,,,245,3,5,2,,,,,Algeria,Africa,EU
2014,8,1,4,11,4,,,ALGERIA:  ALGIERS,36.841,3.301,30,5.5,6,6,1,,,420,3,,,,,,,6,1,,,420,3,,,,,,,Algeria,Africa,EU
1994,5,1,12,0,35.7,,,"AFGHANISTAN:  HINDU KUSH:  TASHIAK, TERMIZ",36.901,67.163,19,6.1,6,160,3,,,330,3,,,,,,,160,3,,,330,3,,,,,,,Afghanistan,Asia,EU
2003,5,27,17,11,28.8,3618,,"ALGERIA:  ALGIERS, BOUMERDES, REGHAIA",36.939,3.578,8,5.7,,9,1,,,200,3,,2,,3,,,9,1,,,200,3,,2,,3,,,Algeria,Africa,EU
2003,5,21,18,44,20.1,2403,,"ALGERIA:  ALGIERS, BOUMERDES, REGHIA, THENIA",36.964,3.634,12,6.8,10,2287,4,800,3,11000,4,5000,4,19000,4,163000,4,2287,4,800,3,11000,4,5000,4,19000,4,163000,4,Algeria,Africa,EU
1998,2,4,14,33,21.2,,,AFGHANISTAN:  ROSTAQ; TAJIKISTAN:  DUSHANBE,37.075,70.089,33,5.9,,2323,4,,,818,3,,4,8094,4,,,2323,4,,,818,3,,4,8094,4,,,Afghanistan,Asia,EU
1990,10,20,8,7,27.5,,,CHINA:  GANSU PROVINCE:  TIANZHU,37.093,103.781,12,5.8,4,7,1,,,92,2,,3,87000,4,,,4,1,,,92,2,,3,87000,4,,,China,Asia,EU
2006,7,29,0,11,51.3,,,TAJIKISTAN:  PANJ-QUMSANGIR,37.255,68.828,34,5.6,,3,1,,,19,1,,,721,3,721,3,3,1,,,19,1,,,721,3,,,Tajikistan,Asia,EU
1990,12,13,0,24,25.7,2197,,ITALY:  SICILY:  CARLENTINI,37.3,15.438,11,5.3,7,19,1,,,200,3,500,4,,,,,19,1,,,200,3,500,4,,,,,Italy,Europe,EU
2015,7,3,1,7,1,,,CHINA:  S. XINJIANG:  HOTAN,37.6,78.2,10,6.4,,3,1,,,263,3,,3,3000,4,,,3,1,,,263,3,,3,3000,4,,,China,Asia,EU
2017,5,10,21,58,7,,,"CHINA: XINJIANG: QUZGUN, TAXKORGAN TAJIK",37.643,75.31,8,5.4,,8,1,,,23,1,123,4,3015,4,,,8,1,,,23,1,123,4,3015,4,,,China,Asia,EU
1985,12,25,2,38,56.5,,,ITALY:  SICILY,37.688,15.068,10,4.3,,1,1,,,14,1,,1,,,,,1,1,,,14,1,,1,,,,,Italy,Europe,EU
1968,1,25,9,56,48.7,,,ITALY:  SICILY,37.8,13.2,33,5.1,,8,1,,,55,2,,1,,,,,8,1,,,55,2,,1,,,,,Italy,Europe,EU
1968,1,15,2,1,8.5,,,ITALY:  SICILY,37.9,13.1,33,6,,216,3,,,563,3,320,4,,,,,216,3,,,563,3,320,4,,,,,Italy,Europe,EU
1926,8,31,10,40,9.7,1570,,AZORES:  FAYAL ISLAND,37.973,-28.59,10,5.8,10,9,1,,,200,3,,2,,3,,1,9,1,,,200,3,,2,,3,,1,Portugal,Europe,EU
2002,9,6,1,21,28.6,,,ITALY:  SICILY:  PALERMO,38.381,13.701,5,6,,2,1,,,20,1,500,4,,,,2,2,1,,,20,1,500,4,,,,2,Italy,Europe,EU
2003,10,25,12,41,35.2,,,"CHINA:  GANSU PROVINCE:  MINLE, SHANDAN",38.4,100.951,10,5.8,,9,1,,,43,1,40,4,10000,4,,,9,1,,,43,1,40,4,10000,4,,,China,Asia,EU
1998,7,9,5,19,7.3,,,"AZORES:  FAIAL, PICO, TERCEIRA",38.65,-28.626,10,6.2,,10,1,,,100,2,72,4,1500,4,,3,10,1,,,100,2,72,4,1500,4,,3,Portugal,Europe,EU
1905,9,8,1,43,11,3411,,"ITALY:  MONTELEONE, TROPEA, MONTE PORO",38.67,16.07,15,7.1,11,557,3,,,2000,4,,4,6700,4,,,557,3,,,2000,4,,4,6700,4,,,Italy,Europe,EU
2002,1,9,6,45,57.5,,,TAJIKISTAN:  ROGHUN,38.673,69.902,33,5.3,,3,1,,,50,1,,2,,,209,3,3,1,,,50,1,,2,,,209,3,Tajikistan,Asia,EU
1980,1,1,16,42,42,4259,,"AZORES:   TERCEIRA, ANGRA DO HEROISMO",38.727,-27.75,13,6.9,8,69,2,,,600,3,5,3,15000,4,,,69,2,,,600,3,5,3,15000,4,,,Portugal,Europe,EU
1997,3,1,6,4,14.1,,,"CHINA:  S. XINJIANG, JIASHI COUNTY, KASHI",39.422,76.839,22,5.6,,2,1,,,6,1,,3,4000,3,,,2,1,,,6,1,,3,4000,4,,,China,Asia,EU
2003,5,4,15,44,35.5,,,CHINA:  S. XINJIANG:  YOPURGA,39.43,77.219,10,5.8,,1,1,,,3,1,,3,1600,4,,,1,1,,,3,1,,3,1600,4,,,China,Asia,EU
1985,8,23,12,41,56.1,,,CHINA:  S XINJIANG:  WUQUA-SHUFU,39.431,75.224,7,7.5,7,71,2,,,162,3,5,2,,3,,,71,2,,,162,3,5,2,,3,,,China,Asia,EU
1997,1,21,1,48,30.1,,,CHINA:  SOUTHERN XINJIANG:  JIASHI COUNTY,39.474,76.998,33,5.9,,12,1,,,40,1,,3,14000,4,,,12,1,,,40,1,,3,14000,4,,,China,Asia,EU
1997,4,11,5,34,42.7,,,"CHINA:  S. XINJIANG, BACHU, SHULE, YINGJISHA",39.527,76.941,15,6.2,,9,1,,,89,2,,4,2000,4,,,9,1,,,89,2,,4,2000,4,,,China,Asia,EU
2008,10,5,15,52,49.4,,,KYRGYZSTAN: NURA,39.533,73.824,27,6.6,,74,2,,,140,3,,2,,2,,,74,2,,,140,3,,2,,2,,,Kyrgyzstan,Asia,EU
2003,2,24,2,3,41.4,,,CHINA:  S. XINJIANG:  BACHU,39.61,77.23,11,6.3,,261,3,,,4000,4,,4,71000,4,,,261,3,,,4000,4,,4,71000,4,,,China,Asia,EU
1998,8,27,9,3,36.6,,,CHINA:  SOUTHERN XINJIANG:  JIASHI,39.66,77.343,33,6.4,,3,1,,,7,1,,3,3600,4,18771,4,3,1,,,7,1,,3,3600,4,18771,4,China,Asia,EU
1896,11,1,5,1,,,,CHINA:  XINJIANG PROVINCE:  KASHGAR,39.7,75.9,25,6.6,8,7,1,,,5,1,,2,73,2,73,2,7,1,,,5,1,,2,73,2,,,China,Asia,EU
2020,1,19,13,27,56,,,CHINA:  XINJIANG PROVINCE,39.831,77.106,6,6,,1,1,,,2,1,,3,,,,4,1,1,,,2,1,,3,,,,4,China,Asia,EU
2002,4,12,4,0,23.7,,,TAJIKISTAN; AFGHANISTAN: DO ABI-NAHRIN,39.959,69.417,10,5.9,,50,1,,,150,3,,2,160,3,160,3,50,1,,,150,3,,,160,3,250,3,Tajikistan,Asia,EU
1996,3,19,15,0,26,,,"CHINA:  S. XINJIANG:   ARTUX, JIASHI, BACHU, KASHI",39.993,76.696,28,6.3,,24,1,,,128,3,24,3,15314,4,,,24,1,,,128,3,24,3,15314,4,,,China,Asia,EU
2011,7,19,19,35,43.4,,,"UZBEKISTAN:  FARGONA, VIOLYATI",40.081,71.41,20,6.1,,14,1,,,86,2,,1,,2,,,14,1,,,86,2,,1,,2,,,Uzbekistan,Asia,EU
2014,5,24,9,25,5,5790,,"GREECE, TURKEY",40.24,25.33,23,6.9,7,3,1,,,310,3,450,4,,1,,2,3,1,,,310,3,4500,4,,1,,2,Greece,Europe,EU
2000,11,25,18,9,11.4,,,AZERBAIJAN:  BAKU,40.245,49.946,50,6.8,,31,1,,,430,3,,1,,,,,31,1,,,430,3,,1,,,,,Azerbaijan,Asia,EU
1985,10,13,15,59,51.2,,,"TAJIKISTAN:  KAPTOLYUK, KAYRAKKUM, GAFUROV",40.301,69.823,16,5.9,9,29,1,,,80,2,200,4,,3,,3,29,1,,,80,2,200,4,,3,,,Tajikistan,Asia,EU
1983,10,30,4,12,27.1,,,"TURKEY:  ERZURUM, KARS, KHORASAN, PASINLER, NARMAN",40.33,42.187,12,6.9,,1342,4,,,1142,4,25,4,,4,,,1342,4,,,1142,4,25,4,,4,,,Turkey,Asia,EU
1999,12,3,17,6,54.7,,,"TURKEY:  GORESKEN, ERZURUM PROVINCE",40.358,42.346,19,5.7,,1,1,,,6,1,,2,,,340,3,1,1,,,6,1,,2,,,340,3,Turkey,Asia,EU
1930,11,21,2,0,25,,,"ALBANIA:  VLORE, HIMARE, KUC",40.5,19.5,12,6,11,35,1,,,108,3,,3,980,3,,,,,,,,,,,,,,,Albania,Europe,EU
1932,9,26,19,20,42,1655,,GREECE: HIERISSOS-STRANTONION (CHALKIDIKI),40.5,23.9,35,6.9,10,161,3,,,669,3,,4,4106,4,3218,4,161,3,,,669,3,,4,4106,4,3218,4,Greece,Europe,EU
1994,12,28,12,19,23,2235,,JAPAN:  HONSHU,40.525,143.419,27,7.8,9,3,1,,,200,3,170.4,4,,,,,3,1,,,200,3,170.4,4,,,,,Japan,Asia,EU
1984,10,18,9,46,24.6,,,"TURKEY:  E, SENKAYA",40.545,42.403,60,5.3,,3,1,,,35,1,,3,75000,4,,,3,1,,,35,1,,3,75000,4,,,Turkey,Asia,EU
1902,2,13,9,39,30,,,AZERBAIJAN:  SEMACHA; N IRAN,40.7,48.6,15,6.9,9,86,2,,,60,2,,4,3496,4,3496,4,86,2,,,60,2,,4,3496,4,,,Azerbaijan,Asia,EU
1990,5,5,7,21,29.5,,,ITALY:  POTENZA,40.775,15.766,10,5.4,7,2,1,,,16,1,,2,,,,,2,1,,,16,1,,2,,,,,Italy,Europe,EU
2017,8,21,18,57,11,,,ITALY:  ISCHIA ISLAND,40.783,13.939,3,4.2,,2,1,,,42,1,,2,,2,,2,2,1,,,42,1,,2,,2,,2,Italy,Europe,EU
1968,5,16,0,48,55.4,2000,,JAPAN:  OFF EAST COAST OF HONSHU ISLAND,40.8,143.2,7,8.2,6,52,2,,,330,3,,3,689,3,,,52,2,,,330,3,131,4,1218,4,,,Japan,Asia,EU
1999,6,4,9,12,50,,,"AZERBAIJAN:  AGDAS, UCAR, AGALI",40.802,47.448,33,5.4,5,1,1,,,18,1,5,2,,,50,1,1,1,,,18,1,5,2,,,50,1,Azerbaijan,Asia,EU
1982,11,16,23,41,21,,,"BALKANS NW:  ALBANIA:  BIER, BERAT, LUSHNJE",40.883,19.59,21,5.5,8,1,1,,,12,1,5,2,,,,,1,1,,,12,1,5,2,,,,,Albania,Europe,EU
1984,9,18,13,26,1.8,,,"TURKEY:  E, ERZURUM, OLUR-SENKAYA",40.885,42.219,10,6.4,8,3,1,,,38,1,,2,75000,4,,,3,1,,,38,1,,3,75000,4,,,Turkey,Asia,EU
1980,11,23,18,34,53.8,,,"ITALY:   AVELLINO, POTENZA, CASERTA, NAPLES",40.914,15.366,20,6.9,10,4689,4,,,7700,4,20000,4,,,,,4689,4,,,7700,4,20000,4,,,,,Italy,Europe,EU
1990,12,21,6,57,42.9,,,"GREECE:  EDHESSA, KILKIS",41.004,22.3,13,5.9,7,1,1,,,60,2,,1,,,,2,1,1,,,60,2,,1,,,,2,Greece,Europe,EU
1976,3,25,11,55,39.4,,,TURKEY,41.13,43.01,18,4.8,,2,1,,,6,1,,2,,,,,2,1,,,6,1,,2,,,,,Turkey,Asia,EU
2019,11,26,2,54,12,,,"ALBANIA:  DURRES, THUMANE, TIRANA",41.521,19.559,20,6.4,,51,2,,,2000,4,1081,4,11000,4,83000,4,51,2,,,2000,4,1081,4,11000,4,83000,4,Albania,Europe,EU
2018,6,5,18,40,2,,,AZERBAIJAN: SHAKI-ZAQATALA,41.526,46.786,22,5.3,,1,1,,,31,1,,1,,,,2,1,1,,,31,1,,1,,,,2,Azerbaijan,Asia,EU
1942,8,27,6,14,11,,,"ALBANIA:  PESHKOPIA, MAGELLARE",41.7,20.4,33,6,10,43,1,,,110,3,,3,,3,,,43,1,,,110,3,,3,,3,,,Albania,Europe,EU
1984,5,7,17,49,41.6,,,ITALY:  S CENTRAL:  ABRUZZO,41.765,13.898,10,5.8,8,3,1,,,100,2,5,2,,,,,3,1,,,100,2,5,2,,,,,Italy,Europe,EU
2002,4,25,17,41,21.5,,,GEORGIA:  TBILISI,41.765,44.96,10,4.3,,5,1,,,52,2,,3,,,2400,4,5,1,,,52,2,,3,,,2400,4,Georgia,Europe,EU
2002,10,31,10,32,58.7,,,"ITALY:  SAN GUILIANO DI PUGLIA, CAMPOBASSO",41.789,14.872,10,5.7,7,30,1,,,135,3,796,4,,,,4,30,1,,,135,3,796,4,,,,4,Italy,Europe,EU
1968,9,3,8,19,52.2,3297,,"TURKEY:  BARTIN, AMASRA, CAKRAZ",41.8,32.3,38,6.6,8,24,1,,,200,3,,3,2000,4,2000,4,24,1,,,200,3,,3,2000,4,,,Turkey,Asia,EU
1984,5,11,10,41,49.9,,,ITALY:  S CENTRAL:  ABRUZZO,41.831,13.961,14,5.2,8,3,1,,,63,2,,2,,,,,3,1,,,63,2,,2,,,,,Italy,Europe,EU
1979,4,15,6,19,44.1,2113,,BALKANS NW:  MONTENEGRO,42.096,19.209,10,6.9,9,130,3,,,1001,4,2700,4,,4,,,131,3,,,1001,4,2700,4,,4,,,Montenegro,Europe,EU
1963,7,26,4,17,12,,,BALKANS NW:  MACEDONIA:  SKOPJE,42.1,21.3,5,6,10,1070,4,,,3300,4,1000,4,,4,,,1070,4,,,3300,4,1000,4,,4,,,Macedonia,Europe,EU
1928,4,14,8,59,43,,,BULGARIA:  CHIRPAN,42.2,25.3,7,6.8,10,127,3,,,1735,4,,4,74750,4,,,127,3,,,1735,4,,4,74750,4,,,Bulgaria,Europe,EU
2009,4,6,1,32,39,,,ITALY:  L'AQUILA,42.334,13.334,9,6.3,,309,3,,,1500,4,2500,4,15000,4,,,309,3,,,1500,4,2500,4,15000,4,,,Italy,Europe,EU
2002,4,24,10,51,50.9,,,BALKANS NW:  KOSOVO; MACEDONIA:  N,42.436,21.466,10,5.7,,1,1,,,60,2,,1,,,,,1,1,,,60,2,,1,,,,,Kosova,Europe,EU
1991,6,15,0,59,20.3,,,"GEORGIA:  DZHAVA, TSKHINVALI, OSSETIA",42.461,44.009,9,6.1,8,8,1,,,200,3,,3,,,,,8,1,,,200,3,,,,,,,Georgia,Europe,EU
1894,3,22,10,23,,1208,,JAPAN:  OFF COAST OF HONSHU,42.5,146,40,7.9,9,1,1,,,6,1,,1,14,1,87,2,1,1,,,6,1,,2,,,99,2,Japan,Asia,EU
1971,2,6,18,9,9.1,,,ITALY:  TUSCANIA,42.5,11.8,33,4.6,8,24,1,,,150,3,41,4,40,1,1678,4,24,1,,,150,3,41,4,40,1,1678,4,Italy,Europe,EU
2017,1,18,10,14,9,,,ITALY:  FARINDOLA,42.529,13.282,9,5.7,,34,1,,,11,1,18,3,,1,,,34,1,,,11,1,18,3,,1,,,Italy,Europe,EU
2016,8,24,1,36,2,,,"ITALY:  ACCUMOLI, ARQUATA, AMATRICE",42.704,13.238,4,6.2,9,299,3,15,1,368,3,5000,4,,3,,2,299,3,15,1,368,3,5000,4,,3,,2,Italy,Europe,EU
1979,9,19,21,35,37.2,,,ITALY:  CENTRAL:  UMBRIA,42.812,13.061,16,5.8,,5,1,,,5000,4,,3,,,,,5,1,,,5000,4,,3,,,,,Italy,Europe,EU
2016,10,30,6,40,5,,,ITALY: NORCIA,42.84,13.11,9,6.6,7,2,1,,,20,1,200,4,,1,,4,2,1,,,20,1,200,4,,1,,4,Italy,Europe,EU
2003,12,1,1,38,31.9,,,CHINA:  XINJIANG:  ZHAOSU,42.905,80.515,10,6,,11,1,,,47,1,,3,769,3,,,11,1,,,47,1,,3,769,3,,,China,Asia,EU
1997,9,26,9,40,26.3,,,"ITALY:  CENTRAL:  MARCHE, UMBRIA",43.084,12.812,10,6,10,14,1,,,100,2,4524.9,4,80000,4,,,14,1,,,100,2,4524.9,4,80000,4,,,Italy,Europe,EU
1967,8,13,22,7,47.5,,,"FRANCE:  ARETTE,LANNE,MONTORY,ARAMITS,HAUX,SUNHAR",43.2,-0.5,15,5.3,8,1,1,,,80,2,,2,,3,,,,1,,,80,2,,2,,3,,,France,Europe,EU
1984,4,29,5,3,0,,,ITALY:  CENTRAL:  :PERUGIA-ASSISSI-GUBBIO,43.26,12.558,12,5.3,8,3,1,,,200,3,25,4,,,,,3,1,,,200,3,25,4,,,,,Italy,Europe,EU
1986,12,7,14,17,9.5,,,BULGARIA:  VELIKO TURNOVO-TURGOVISHTE,43.274,25.912,21,5.6,7,3,1,,,60,2,5,2,,,,,3,1,,,60,2,5,2,,,,,Bulgaria,Europe,EU
2008,10,11,9,6,10.7,,,RUSSIA:  CAUCASUS:  CHECHNYA,43.372,46.254,16,5.7,,13,1,,,100,2,,3,,,1027,4,13,1,,,100,2,,3,,,1027,4,Russia,Asia,EU
2010,11,3,0,56,55,,,BALKANS NW: SERBIA:  KRALJEVO,43.76,20.673,1,5.5,6,2,1,,,100,2,,3,1000,3,5000,4,2,1,,,100,2,,3,1000,3,5000,4,Serbia,Europe,EU
1972,2,4,2,42,18.9,,,"ITALY:  CENTRAL, ANCONA",43.8,13.3,25,4.8,,1,1,,,2,1,,2,,,,,,,,,,,,,,,,,Italy,Europe,EU
1998,9,29,22,14,49.5,,,"BALKANS NW:  SERBIA:  BELGRADE, LJIG, VALJEVO",44.209,20.08,10,5.5,8,1,1,,,17,1,,2,,3,,,1,1,,,17,1,,2,,3,,,Serbia,Europe,EU
1927,9,11,22,15,48,2299,,UKRAINE:  CRIMEA:  SEBASTOPOL,44.4,34.5,17,6.8,9,11,1,,,122,3,,4,,4,,4,11,1,,,122,3,,4,,4,,4,Ukraine,Europe,EU
2012,5,29,7,0,3,,,"ITALY:  EMILIA ROMAGNA:  MEDOLLA, MIRANDOLA, CAVEZZO",44.851,11.086,10,5.9,,17,1,,,350,3,15800,4,,,,,17,1,,,350,3,15800,4,,,,,Italy,Europe,EU
1991,7,12,10,42,21.2,,,"ROMANIA:  BANLOC, DETA, TIMISOARA",45.364,21.057,11,5.6,8,2,1,,,30,2,,1,,,,2,2,1,,,30,1,,1,,,,2,Romania,Europe,EU
2020,12,29,11,19,54,,,BALKANS NW:  CROATIA:  PETRINJA,45.422,16.255,10,6.4,9,8,1,,,36,1,4187,4,1500,4,46000,4,8,1,,,36,1,4187,4,1500,4,46000,4,Croatia,Europe,EU
1986,8,30,21,28,35.4,,,"ROMANIA:  BUCHAREST, KISHINEV-KAGUL",45.547,26.316,132,6.9,8,2,1,,,558,3,730,4,,,55000,4,2,1,,,558,3,730,4,,,55000,4,Romania,Europe,EU
1977,3,4,19,21,55.6,,,ROMANIA:  BUCHAREST,45.777,26.703,89,7.5,,1641,4,,,10500,4,2000,4,,,,,1641,4,,,10500,4,2000,4,,,,,Romania,Europe,EU
1990,5,30,10,40,6.1,,,"ROMANIA:  BUCHAREST, BRAILA, BRASOV",45.841,26.668,89,6.7,6,14,1,,,700,3,23.7,3,,,,,14,1,,,700,3,23.7,3,,,,,Romania,Europe,EU
2020,3,22,5,24,3,,,BALKANS NW:  CROATIA:  ZAGREB,45.897,15.966,10,5.4,8,1,1,,,27,1,1800,4,6305,4,20000,4,1,1,,,27,1,1800,4,6305,4,20000,4,Croatia,Europe,EU
2004,7,12,13,4,7.1,,,"SLOVENIA: BOVEC, KOBARID",46.296,13.641,8,5.2,,1,1,,,5,1,,1,,1,,1,1,1,,,5,1,,1,,1,,1,Slovenia,Europe,EU
1976,5,6,20,0,11.6,,,"ITALY:  NE, BALKANS NW:   SLOVENIA: NW",46.356,13.275,9,6.5,10,978,3,,,1700,4,3600,4,,,,,978,3,,,1700,4,3600,4,,,,,Italy,Europe,EU
2003,9,27,11,33,25,,,"RUSSIA:  KOSH-AGACH, UST'-ULAGAN, ONGUDAI, SHEBALINO",50.038,87.813,16,7.3,10,3,1,,,5,1,10.6,3,300,3,,,3,1,,,5,1,10.6,3,300,3,,,Russia,Asia,EU
2018,5,5,8,58,5,,,POLAND:  SILESIAN:  JASTRZEBIE-ZDROJ,50.124,18.683,1,4.1,,5,1,,,2,1,,1,,,,,5,1,,,2,1,,1,,,,,Poland,Europe,EU
1983,11,8,0,49,32.1,,,BELGIUM,50.696,5.346,10,5,7,2,1,,,30,1,50,4,,3,,,2,1,,,30,1,50,4,,3,,,Belgium,Europe,EU
1992,4,13,1,20,0.8,,,"THE NETHERLANDS: ROERMOND; GERMANY: BONN, HEINSBERG",51.153,5.798,21,5.2,8,1,1,,,45,1,100,4,,,,,1,1,,,45,1,100,4,,,,,Belgium,Europe,EU
2016,11,29,20,9,35,,,POLAND:  RUDNA,51.613,16.157,5,4.2,,8,1,,,9,1,,1,,,,,8,1,,,9,1,,1,,,,,Poland,Europe,EU
